z_left,z_mid,z_right,pred
0.15319763795111463,1.0668645375280315,0.7898603328993667,low
0.7979017096906921,2.4667922659020767,2.3516152824965717,high
0.3393761809116702,0.9179744909324659,0.706319143885112,low
0.5309504039276435,0.6192018410902697,0.3892824588514977,low
1.3911541338144526,2.672968559133689,1.392691684705461,high
1.1902445858042658,2.5408035089042706,2.2508794920798207,high
0.5418378397827385,2.0433143171396164,0.06975055566808719,medium
0.8806301268866846,0.9902444670440145,0.00444967828491627,low
1.2719514297706733,2.7361280814585203,0.5903809097947257,high
0.2698211523587022,0.34892064572335046,0.2064194066864864,none
0.0033005941511389247,2.3183267875741604,2.3049151354252557,high
1.430326183084854,2.607881136179701,1.9928354435106135,high
0.31806803387385685,0.8858833754868543,0.0027394510328958566,low
0.3864418797519308,2.0577955648646915,0.7228433833162204,medium
1.1373348793789972,1.1569660293141877,0.5608770909574622,medium
0.698176590217334,2.5955307948493767,0.23881142518997744,medium
0.393299829316093,1.0208298637336344,0.8839566366669815,low
0.45752034989591794,1.4765644147724726,1.0876772877422902,medium
1.5319880136161914,1.8773704131595508,0.00377370341870209,medium
0.9710932189998036,2.076774448261953,1.172127760015384,medium
1.862502111894067,2.4499749304183145,1.4448592927772226,high
0.14626153634681038,0.5211180383927088,0.3811688442947686,none
0.893300389317218,2.518664081525144,0.425964269182457,medium
0.6548068411369145,2.420367982565748,0.883239548527387,medium
0.9979272751681351,1.4989836942453159,1.1802715016725627,medium
0.10492307690677227,0.8091264104141944,0.6160484301244975,low
0.350095305583322,0.6308345821074115,0.1387065481128703,low
1.3707577153299724,1.3866367673978282,1.2143484061695098,medium
0.08837054066310901,0.4057639875308462,0.30217373590565866,none
0.47234512985740007,2.7453549379948154,2.3319437421911227,high
0.4825705839198984,0.6023702427167165,0.11331179266992775,low
0.05860947041475062,0.07845660157297096,0.0646507651045759,none
0.40343076939234057,0.8169779854300999,0.8120274288339496,low
0.47192016527958813,1.450795216522636,1.4360441033173412,medium
0.780272420264903,1.9942709977923994,1.5595455297572678,medium
0.38852574420383357,2.7989511275343686,2.2563699615636255,high
0.23258425384470904,1.9216396834287863,1.383878075984215,medium
0.2298054374838885,1.2745726383670903,0.2418881412263656,low
0.6285902642947288,1.2386054545889422,0.2709606705878761,low
1.4092715252911034,2.783174256410642,0.5627761598432056,high
0.9038082786807147,2.505312816165765,0.4401412736800365,medium
0.8515294175423466,2.448128370802971,2.1082776833610377,high
0.2849146110198083,1.6892806369171796,1.3155269763474977,medium
0.27597381795083886,1.355875592076435,0.5345468059381784,low
0.5733990160975986,0.8723501090720356,0.011089903683233482,low
0.15187037653530766,1.8026575501948816,0.3627630306715798,medium
1.0030683741847106,1.3384255121029116,0.4529546118326908,medium
0.12728137298279696,1.6575426273650118,0.6487924297232474,medium
0.3836559287721366,0.7408818259252669,0.40494089796736676,low
0.698422786036064,2.7354076596834203,0.08669608946334895,medium
0.0314878297253981,2.6028250724958193,0.9375136751847163,medium
0.034581019106132205,0.05601330664101822,0.001921476072001882,none
0.42066715540767574,1.1257700049613661,0.38856123718707103,low
1.0085815598226038,1.619390786868792,1.490105082499121,medium
0.6661285268759367,0.6933148592128254,0.4415314876566344,low
0.2281000786515991,0.7111657195957424,0.21042358737245603,low
0.4307479220881053,1.5414704999385505,1.474809303472384,medium
1.2334470336812304,1.9216575804975045,0.013620404207592363,medium
1.5441685853901639,2.9383844674592643,2.7832812617914353,high
0.2446519565298162,1.1712274001389575,0.5548110278768795,low
2.137970746008928,2.8424138817742035,2.7865116142799096,high
0.6734119912868876,1.1270468665218014,0.7051778046833157,low
0.3688695849819449,2.108022409308262,1.3621671432053897,medium
0.6896184375257198,2.5939812629762287,1.661513113761059,high
0.3243640033104045,0.6936066330174225,0.3806628358569537,low
1.2336289177631587,1.752904418921819,0.529778443536145,medium
0.390547490135532,0.42347814548769613,0.12217107976167241,none
1.6179439767740815,2.516264951912139,2.47470070082733,high
1.625933851368714,2.091413898766385,1.4848025632087278,high
2.300422783788768,2.6370937047258303,0.4675174706228862,high
0.8492517493042215,1.0666106139228084,1.0188628084049562,medium
1.1732778176944287,2.6653736146045617,0.15559247881147253,medium
0.9904314236742575,2.456504871954475,0.28398515035959837,medium
0.7567116325684531,2.031511918190688,1.6666363790945615,medium
0.2780252079681452,2.541007551147825,2.1424698103742594,high
0.5119686336033266,1.5692925441233037,0.7825912698985533,medium
0.17282471110154363,1.281515219067858,0.38371074969651664,low
1.4986771703633677,1.7299041203487384,1.465566780667447,medium
1.8646287884738078,2.9456287149710096,1.9165487977075424,high
1.1797043400495764,1.508806390362445,0.7239886424090372,medium
1.2731012586633492,2.206931900327951,1.580893331538496,high
1.8982852529427605,2.6751577058242697,1.33468737675854,high
0.07992631399568562,0.5712068984675516,0.5519993056546653,low
0.3988160572472662,2.1037242740960425,1.6042895115361389,medium
0.9622513345563667,1.2652319735702755,1.1794357012757835,medium
2.341369210160325,2.982495673968942,0.5795603056267534,high
0.81645097021381,2.2835376479994793,0.8602805745095946,medium
0.02494748688309467,0.8877014831668831,0.8138327306319361,low
1.4522359708339776,1.8567578350629268,1.7621566544531428,high
0.8098830047221197,0.8936216277879347,0.7133840337074856,low
1.4200842707280255,1.4219286673609166,0.17776254884648235,medium
0.0738337311287407,0.08037123589085327,0.032153955469520046,none
1.4099584006729848,2.443717380804097,1.2741475642328197,high
1.4908133427772554,2.393019266709116,2.352092578481015,high
1.54677111883124,2.2191874687972692,2.1928922161489703,high
0.6627579643466378,1.8618172765892387,1.4519745836121736,medium
0.4450236979282084,0.6542295522455412,0.35354540674598756,low
0.44206955493142075,2.6845702271860263,1.1736213240742694,high
0.4920530337996736,1.3313336609944386,0.4981768885042136,low
0.37993722432021837,0.5689800423344834,0.44120733547622315,low
0.44684405087263934,1.1337070978847552,0.9259207741396898,low
0.07677445783094705,1.0349318106554504,0.7311561357229458,low
0.307699650295572,2.363967730973786,2.28902513306991,high
0.04757426030650713,2.2789114453136534,0.6580357417502259,medium
1.1796227920617524,1.5298230345516162,0.5567217625289692,medium
1.2358956102986403,2.948581057781316,1.2069938444637323,high
0.7781538684235264,1.8590478396195296,1.6228777382536057,medium
0.12648059215907936,0.15673458200478518,0.14568040938709936,none
0.060980009518778244,2.540767365847037,0.9768494501391635,medium
0.33505180369450216,0.6083337731741876,0.16293663148354187,low
0.7229076271883739,1.6037490020339034,0.7577421978514616,medium
2.2561824025201167,2.9947011239124053,1.860606125985849,high
0.20303010388404186,0.7208464758193063,0.02510739315845334,low
0.006489644019662344,0.8531117910964782,0.3146408461243182,low
0.6401299950346935,1.3153170429602927,0.9880376134566621,medium
0.06074043357110326,1.604360437524376,0.26126586849238465,low
0.31346434623446917,0.4625771221695786,0.00782837884694454,none
1.102092921339767,1.2945699009066223,1.170784332908253,medium
0.12881141137001173,0.3565042854308835,0.21883358074583992,none
1.2842755135437915,1.3877294017053017,0.19579042255816748,medium
0.5293746819019459,2.7231009799474846,0.6591535415057527,medium
0.8922759055986222,1.3572784558925624,0.8581958670212921,medium
0.0895851632482133,1.6622615685753088,0.40125844245040954,low
0.23822891204340546,0.6706281380764746,0.05542576976632008,low
2.409173766069736,2.9965441940187025,1.0991867031966072,high
1.3054868884732405,2.248190543221222,1.4272331525757944,high
0.9336535219531296,2.2540701649990553,0.23740355399080781,medium
0.19840513121019154,0.28955320471028356,0.22839530914247475,none
0.09180888871079695,0.8473108452176425,0.288601868171545,low
1.762636665879158,2.6055702430512784,1.4854967792749925,high
1.7851454930934172,2.1798327361830405,2.179810760705928,high
1.383984845786986,2.681350286462893,2.5210339511450472,high
1.6682888573500372,1.8397456260935725,1.375193207008164,medium
2.0033717822256456,2.2097077215790284,0.08682671929750962,medium
0.8538736570050821,1.0036882873643187,0.3690646230776058,low
0.5654268266216481,2.7273961173335026,1.338624741212918,high
1.7066079163477617,1.7219169234510554,0.3426092177183595,medium
0.7605101649729812,1.4699619238252801,0.4302877767924115,medium
0.19261389883293467,1.514674160990369,1.3931047838733919,medium
2.2031720997126945,2.5237420072044987,1.7408644298272795,high
0.05732419533221711,0.09841960156514384,0.05057920252561543,none
0.8645257980906718,1.6277768335975809,0.6929770569161965,medium
2.820000914969382,2.9120900917296795,1.348122697765834,high
0.5837635202179036,0.8310942090212002,0.2802213596564157,low
0.1560433801437956,0.8284616970963472,0.14830818580854166,low
0.017175584478555495,1.2201014374614498,0.745616035108702,low
0.006193846241913881,0.1748737038191942,0.001844527862078671,none
0.4027921353796946,2.4259309378387455,0.1678424302913949,medium
0.7752675639921206,1.1109944361375474,0.30759041330536463,low
0.960724333408877,1.0916226712800223,0.4071118770835831,low
0.8248589495013474,2.431439448018466,1.4987803874059114,high
0.4291633365264236,0.4690112949087353,0.256739975068632,low
0.0005274583568198876,0.0013235327672520558,0.0006171485879702399,none
1.5085646961170587,2.503424748148105,0.565808372776661,high
0.3683850511750062,0.46805813037117405,0.02607390315772662,none
0.01399749682694662,0.0743021592568961,0.06873783572312597,none
0.8165535633572493,0.8329105257173166,0.3460134827915581,low
0.02527011595307016,2.5325132132584525,0.6991886638319543,medium
0.03466069780989678,0.04628224015660898,0.006628219326802243,none
0.8293662697605934,1.9604135162691319,1.161813348297937,medium
0.2314323185189795,0.6491175919270102,0.464595744753886,low
2.54243708508465,2.7980502574720028,2.291926013344533,high
0.7137480059583572,1.1202409409334786,1.0368555092234129,low
1.3241790165635396,1.6372069976965142,0.9052394765332046,medium
0.6800609272974336,1.981826824735244,0.6251395048297489,medium
0.07210380518908488,0.9180118878162399,0.04480393180986375,low
0.2817758542986556,0.6113837164409535,0.28867903834844033,low
0.23904398135139615,2.7512797122271833,0.02359196306191469,medium
0.7521765219028124,1.8348186105795519,1.1104160344956324,medium
0.5059472666648787,0.5438819904008074,0.5214147602940309,low
0.03282972126099204,0.4951319571387217,0.4759329494953687,none
0.5477429807364206,1.093094196332449,0.24731181931650592,low
0.5311565646419045,2.466772413626165,1.619799480690534,high
0.1499918332495972,0.3379705464528995,0.060022302661329796,none
0.059905669137274686,1.9194076479680007,0.030133294372479358,low
1.7501017677991046,2.139075680672622,1.6697935780203994,high
0.27968542661399987,2.2852905955042617,1.6176590295290683,medium
1.625094129641483,2.744693792088142,2.5898714447049547,high
1.837969166396762,2.495657660685307,0.9785011811165997,high
1.3045894211935474,2.8509537358963906,0.2455378343576471,high
0.1425706971285473,0.45359611684619516,0.2547168934291538,none
0.7120678976506251,1.7153357860991858,1.1269934365283782,medium
0.2516504006210749,0.2737024352535087,0.16532810223046812,none
0.3643905794347083,1.3982336771929456,0.2566092303349471,low
0.31218793707278547,1.5331691692693479,1.1147436427919308,medium
1.7075468275582428,2.192489572840931,0.6864449714564088,medium
2.2212374395851864,2.886385282237628,0.42489278688419885,high
0.0011972035854056484,0.07774905363173534,0.03382962805284373,none
0.6919666845418005,1.9681892219001256,0.34271676780650984,medium
0.23057417178271666,0.9140187165611935,0.5559588925749231,low
0.4743067725188701,1.981833020931201,0.2935742559618717,medium
0.6754897002668202,1.324887437499108,1.0917806120292206,medium
0.05529438318987656,1.3554345788713595,1.208287708655965,low
0.8763552987211226,2.7941352809507976,2.587193288905108,high
1.0942911230304526,2.7946066965269023,0.7983283653249406,high
0.47381386824459115,1.2469500810951462,0.2026582747863358,low
1.6957774841560926,2.7278966502509476,1.615672436434469,high
1.1728736107469453,2.0885270412111216,0.3881444578167276,medium
0.14405959480472286,1.1659221031399158,0.5828183722914593,low
1.937411407490779,2.290897065803621,1.130226863714964,high
1.4112931128383521,2.9510939000473404,2.8907900587362336,high
0.0707463129216046,0.1415789831927592,0.029906511108628298,none
0.010807398186663097,0.196781146372629,0.06624295431160698,none
0.2831110410121104,2.6000548898953832,0.6292107101799492,medium
2.2682148386148797,2.5636216664917457,2.4030205041671038,high
2.043287655210751,2.5100532727706946,0.038858546434640706,high
1.5762938126751684,1.7455895292145445,1.0921534681550513,medium
2.619429733685945,2.7913732662825477,1.2921313670336174,high
0.6104500096692731,0.8658381670859187,0.2969003625552834,low
1.2850100085497087,1.4427206105252721,0.5342827463899344,medium
2.3985123422933645,2.5884759815031373,0.9393951335240229,high
0.21643046695838597,0.2466411276838537,0.14735734429802116,none
0.04754095427678995,0.8692978392586687,0.7071531033786058,low
0.3117003946297445,0.74343404967619,0.4619753234206382,low
1.3088505072368493,1.8014071438232753,1.2439703889666314,medium
1.4811597832720929,1.841131450140828,0.5075762869215489,medium
1.5991674661693815,1.7118543995775726,1.3542028417202652,medium
0.4800938942147137,0.6181670778705716,0.38597260560722657,low
1.3367385675042815,1.8376978161867246,1.4417377441582944,medium
0.2137185864117308,0.43196458780650715,0.35734019494492475,none
0.2857188584594256,1.1329018348569706,0.5178139937387151,low
0.30493710432813836,0.31893486191946974,0.2345378153066615,none
0.5758118956944284,1.0519458492026974,0.3426108756256233,low
0.0017764090890394213,0.005671144621577362,0.0031159657463529777,none
0.7464633183228696,2.4193327089520174,0.1369861947868909,medium
1.5268865012691522,2.258239234443616,0.4152064436291475,medium
0.9647429473165458,2.4816582040551145,0.6744893353561503,medium
0.3051633719396666,0.6636731705991202,0.4559712445060571,low
0.04512527853554782,1.2985373491298131,0.6293900678052423,low
0.37998125785817094,2.568181906616447,2.494801438268387,high
2.1257490523436453,2.8418637416768924,2.2684200031873782,high
0.6124737569163846,0.6225616830177326,0.2751584890934252,low
0.2835183366627949,0.4442087489928356,0.3821879750888111,none
0.9553678275994517,1.0956108226642534,0.6958276893256443,low
2.4889393791807835,2.8881305092614697,2.2050986171253024,high
0.26731331365136024,0.33265796955799587,0.19989443467295276,none
1.8782773296325135,2.2739092870288022,1.4012490182563349,high
0.2076558819458042,1.0565182374028081,0.4065512523365017,low
1.5494499656548475,2.0111670275096487,0.023175002429966174,medium
0.34355124343563825,0.4585201260100673,0.29102563055233077,none
0.1630386716509522,1.7849562898786748,0.9096407927981138,medium
0.5755378527819025,1.3100594565752888,0.06312221018586084,low
1.3922814047520071,1.9176022242819433,0.5673392327647344,medium
0.7675419797074446,2.7123367376467624,0.09739296823668764,medium
1.4584123306758885,2.308881822054916,1.878490780242682,high
0.7836872467055641,1.2786620912983304,1.152557466790727,medium
0.6781170494819762,1.9102228673196344,1.1753539558912602,medium
0.20761696951888153,0.6379055986785588,0.3984842970828675,low
0.23861221826106793,1.0203664226048859,0.6034716866754359,low
0.04125384720330805,0.2750221072260878,0.2465576108555776,none
0.45400873447187706,1.3859648948495669,0.7581418747880861,low
0.2713041988945205,0.8348100264613848,0.6083616894420549,low
1.0360850249206757,1.2369982885629018,1.1049468209474744,medium
0.20713592993083307,2.447866151171619,1.342188081989562,medium
0.2936699939197265,1.452996917959211,0.011449419325975874,low
0.2994420419789372,0.5152080954368071,0.4391111766572193,low
0.40730996079840653,1.2476468858687118,0.08482271587775847,low
1.680170648917486,2.4139946808057164,1.8255866242416119,high
2.036405807063028,2.8567416632552067,1.2186277581659666,high
0.3475836972309303,0.39118571499186516,0.10953815238409492,none
0.019946881494026347,0.32214347379816854,0.15977839585886366,none
0.0018980599411738686,0.8526179161858896,0.22596775482864906,low
1.3117739752967368,1.6228260407412214,0.09876750732572193,medium
2.577727573365508,2.9079415572494494,1.690930752534731,high
1.869420453420072,2.1921470564646937,0.18258127682473435,medium
1.7285825925699327,2.4762366872858905,0.05608806419615053,medium
0.34789596530095546,2.070780244902497,2.0055775189348193,medium
0.1839568752435805,0.4637780312891737,0.17031318690269237,none
0.41598789313929585,1.26699673685766,0.23850394979686296,low
0.20369508236118372,2.3909983162133384,0.8327151758247441,medium
0.17232255793603846,0.7551798518836628,0.5550529092482521,low
0.27739938181613366,0.6206023443796197,0.567660334649405,low
1.7288372377350654,2.5330741655162,0.13231592036178463,high
0.5184616145520337,0.6407246663438212,0.31567348300526055,low
2.1345965625180487,2.84612309617992,2.266155747473422,high
0.5084460938079045,1.6018350844003169,0.5619306927893315,medium
0.44101231144877484,1.6703247471781655,0.5421584062442493,medium
0.2790881643487412,1.4582091543150706,0.29789574911867656,low
0.5086347455374118,0.7124524165900599,0.35953982232266546,low
1.214459593086917,1.257040379544716,0.2863924457767095,medium
0.990799917961635,1.4646863639221084,0.5260900874844406,medium
2.2355576678534854,2.2655135211915045,1.8244543194672258,high
0.16324298562284023,1.137256359186594,0.9250400724847289,low
1.0598792161135493,1.5764779880864304,1.2473880093134366,medium
0.1508851216407061,1.8279548448360992,1.1855479592536833,medium
0.14169937839132918,0.99302785244529,0.8186924483266181,low
0.9689805155422416,1.073948495002261,0.11244575415628899,low
0.7337022872298603,2.237261527357931,1.8507456475035293,high
0.6273918620075243,2.552819783491909,1.1194469196342378,high
0.0744078170179957,0.07675343048602112,0.04896755069701031,none
1.075595572957359,1.431612030991956,0.4574849385198928,medium
0.011828607869705188,2.7360146329712838,0.7715826594747786,medium
0.10566242753008537,0.21561319385352995,0.12594702721371998,none
0.010300607012461827,2.1494562127683867,0.7381843355851967,medium
0.04199313664719628,0.3504737872242377,0.21506923423943447,none
0.5413429844464646,2.6780247454386097,1.0462631907442894,high
1.0699670948082673,1.3702244731113593,0.7296278217221124,medium
0.26913051615734473,0.4928328553185528,0.33400586505964913,none
0.7318531674218525,2.313544325730033,0.998539933968853,medium
0.3877996231199651,2.3040109225405816,0.4232302861951601,medium
0.2630953593381312,0.9907770640536563,0.5982407590309101,low
0.44363612268742136,1.8123517648912308,0.30870727018988076,medium
0.12983621722270255,0.565526633509282,0.18598711134476242,none
2.54898010495032,2.6550158534215997,0.9838144177558524,high
1.544332685213622,1.7285541976563272,1.1075866570907995,medium
0.9093616969611797,1.7075924458149765,0.20519058410179625,medium
1.198053825396701,2.21445405953273,0.2184438675822833,medium
0.020140442759887467,0.05913027907862223,0.010047891401040787,none
0.5960871857515266,0.6623160979815947,0.28255208271681087,low
1.5042732567441124,2.077199695778499,0.03842610054056894,medium
0.010020282501279731,0.23769650956915678,0.19109205620054837,none
0.5780468739002153,0.6549367525028585,0.3579509645379987,low
1.2659420621355792,2.0770597123483707,1.3994546074204772,high
0.25238046505640477,2.0379306929111705,0.9619807169437206,medium
0.4556221744156901,1.522591231857803,0.9362151718877996,medium
0.2320170988783813,0.5284825182732186,0.4722915749144191,low
1.4935700408181,2.4073196550532314,2.405371226403199,high
1.1598107780650406,2.326577251940571,0.2554225585575761,medium
0.1701067627740137,2.659895765106274,0.1734460944152053,medium
1.2125507958944595,2.00641497415031,1.3992492643857477,medium
2.111520846067644,2.465179184794703,1.578275475803723,high
0.02861019082129601,0.37865991841825397,0.17824766283526328,none
0.12206086311825781,2.7293250196126437,0.7787080812620141,medium
0.11134530171380363,0.5879202192591632,0.5442770359932185,low
0.29184544230203846,0.3152318190511705,0.28957712421778226,none
0.7134455583125539,2.5501399289403563,1.767693981013779,high
1.0499604938102154,1.1521685506625454,0.6511403233430239,medium
0.13205169317777177,1.026274014541334,0.9599142244389802,low
0.2657513687109353,0.27766194214925854,0.19837756791879058,none
1.2740873007136901,1.9976177647079238,1.3259910695230888,medium
0.7084502519618696,2.16898990242965,0.3817150398957321,medium
0.6059944537321968,1.1768534184957304,0.20753688740034504,low
0.14929652208693334,1.2863736979870777,0.9396512659429169,low
1.2139790888309205,1.600864323210312,0.41181364771924267,medium
0.5823120950903604,1.0277028358543567,0.05430416514429648,low
0.017464795119017662,0.02180348549862232,0.017997235074234008,none
1.4461330064851343,2.473420341930495,0.21382075523705912,medium
1.1138062544449956,1.6570144182100117,0.20583971483560415,medium
0.7237782196941127,0.9621823412670887,0.3083838320885144,low
0.11935533012656196,1.9054179882352773,0.016073163128553114,low
0.41361785361071457,2.541513030982939,2.430494077132429,high
0.006964579952441263,0.8390066462335171,0.5150331087062455,low
0.9889756186697093,1.1927146333574026,1.127187308107355,medium
0.8056759475802423,1.2670648308881813,0.6056269479758707,low
0.9520407040817016,1.768544490633397,0.5288186681600928,medium
0.2761843426592506,0.49939043071262146,0.13835328198976904,none
0.045260230871014384,0.2981499316347227,0.010654932952636531,none
0.11007836183209707,2.671719165012169,2.446214159130873,high
0.1918477886797869,0.4154236476963473,0.2582128383063892,none
0.5837698245943501,2.6762467169165682,0.6829468109385048,medium
2.5086930984018054,2.959078104671373,2.6393523772111585,high
2.4729776886307766,2.6126307984114523,0.4017576555013319,high
0.9774441584565107,1.0779169750753184,0.5911833148449799,low
0.05492047882347362,0.05958558677947634,0.030991728573422916,none
0.4808336245967906,1.475217361827482,0.27564261680506286,low
0.9603423445548214,2.559601865606059,1.646863384544642,high
0.9327970698745969,2.1254529770474035,0.17356929017106038,medium
0.9916440978193485,1.8867532160621034,1.436386681733941,medium
1.766602202294962,2.0380927002765015,0.3004299726770572,medium
0.46565667266252353,1.1572901469667523,1.1096958263200734,low
0.5826012768370156,1.0440528651714471,0.03704343861868198,low
0.8611387893044768,0.9749205570760496,0.35804775822014745,low
0.9411509412843447,1.9846545599153034,1.336636624200911,medium
1.3850277089359917,2.241956766418663,0.6212345843905186,medium
2.4142647462601836,2.6350180485208567,2.158871058027956,high
1.8844365778333834,1.916817624130038,1.5021940543370524,high
1.5826986684751962,2.1349752597907092,0.5926897442377466,medium
0.795287412562965,2.81939157390613,1.3535565375532008,high
0.3037423170275839,0.39212296938253843,0.11463384147771516,none
1.0261120365193617,1.6457209186993018,0.7349305230988904,medium
0.07455568093242493,0.07521238935599084,0.03119208502718407,none
0.405122267918245,1.537339246274132,0.8339024210549186,medium
0.6679448350841237,0.6948180310775411,0.22844017105350878,low
0.28623220525714654,2.1019425618739556,0.17708222636040505,medium
0.7892093847645282,1.5320803407482873,0.8993555696304784,medium
0.1359555487896248,0.4152161455303939,0.31641891804908573,none
0.18261945537175783,1.3178773042911494,0.5013052608733983,low
0.6105245981355915,2.4696678478421905,0.7555288155367241,medium
1.8045726024498996,2.299432648210188,1.1878388409523146,high
1.5206118363611179,2.231941890008814,1.6325388567939125,high
0.5486743337744316,1.6224464176020383,0.234533147663734,medium
2.020416779573141,2.49660198622365,1.4450500976564977,high
0.1547686716849811,0.7446071877573189,0.2009360454122625,low
0.014299351501676383,0.7252375439536047,0.5867126706797211,low
0.238917402670917,1.6975020206988098,1.167431849981762,medium
0.126613723270934,1.8433530942400493,1.6829039702026698,medium
0.39815302561085764,0.8284002141767344,0.1783682941597271,low
0.9954725022769647,1.3825086646171596,0.42165167654576274,medium
1.4475341626479277,2.6295741465309357,1.029069809447992,high
0.8488250918903549,1.4354990654300877,1.2443542805839796,medium
0.4215679577791892,0.5536576932439016,0.23570711822326218,low
1.1518771568559567,2.715127065378269,1.1268033831201878,high
0.38931190904221147,1.7710265575809196,0.7627569507977473,medium
0.5152888205058431,2.31913659696157,2.0015067013884904,high
0.43648359592938435,1.182922651696689,0.6961750752572835,low
0.4900359537171671,0.7233143557842097,0.25145790024881043,low
1.2250423270999518,1.746770221334088,1.2193300805614933,medium
1.1690994127630043,2.0313712655209484,1.9662932563447584,high
0.24979673081329412,0.404448947390351,0.020322542776990526,none
0.3663619493851763,2.04058208723763,0.5550958995089628,medium
0.943176058473503,1.2378244126980116,0.2306950660148911,low
0.4694388606261046,1.1214873754568755,0.5243804267285805,low
1.2445978830654054,2.7858401604513916,0.3808888541583787,high
0.4516580443782794,0.8032176580193948,0.5688061767876094,low
1.7795498329265298,1.8632123625433363,1.3580193966925407,high
0.6751187254382602,1.7478401445280216,0.14758185804339374,medium
0.29288391253427115,1.4714800149481264,1.1205014876841703,medium
0.8025922655924848,0.869394190108077,0.22375168130836753,low
0.42823943668285447,0.6022123064304014,0.2752408743457504,low
0.10512999722182093,0.17447985772223407,0.09824983474973603,none
0.7565496836187634,2.988699678765345,2.1588076992316267,high
1.7739345524572292,2.6528586678945367,1.7708201650129198,high
0.37564482411976086,0.6151211996099867,0.08209164780643319,low
1.767828121614603,2.855388305466043,2.153307433328823,high
0.8283608162154223,1.3919144118986817,0.10748500675225714,low
1.4949717932318147,2.143781712316385,1.2989486693289574,high
0.32151239532901543,1.33137940499337,0.1451350388160223,low
0.169055696242164,2.6564763486481477,2.12959892285007,high
0.47375249904800565,0.6812773033159724,0.5514155208931636,low
0.8501095203496636,1.30312283595502,0.025897273100904283,low
0.9754759689318051,2.000654750660956,1.7325845597459608,medium
1.500646697050631,1.505320352767427,1.1177167602888256,medium
0.7847189674770498,1.9262503951920307,1.303031345338319,medium
0.26664538059986354,0.760660151645146,0.09997858015657368,low
0.42502624537726463,2.308565383310553,1.9802890778775617,high
0.3025197182571594,0.33995241974088886,0.03292394967055612,none
2.196463625985997,2.7334952510391846,0.8312836460580141,high
0.9292901278327969,1.1194266587851738,0.4683824178101773,low
0.2404964796750776,1.075906816343187,0.2571809668592149,low
0.23203898048240867,1.048107651188214,0.7231606424178543,low
0.43196299326152643,0.8657313810129518,0.17959939761025312,low
0.880088396791449,0.9436594253932579,0.2226221977383792,low
0.1253371959832017,0.2509221898892191,0.143112985812762,none
0.28090799352673923,0.336374304679808,0.04572764788885264,none
0.9392835766582999,0.9838893861110751,0.5347005660491003,low
0.0011691520279704104,0.22898491276536648,0.07131498187953778,none
0.0891777788031679,0.35116921988520333,0.12760215819578502,none
1.838434878658747,2.229077177008019,1.3816182708609523,high
1.2199632406360226,2.0162016674709853,0.6444745145874566,medium
1.0865551050931037,2.6348219154146344,1.154135644129112,high
0.05411120505688938,0.24750602883618933,0.1582527748309106,none
0.33035513425554563,0.37731519130825375,0.05715309033915161,none
0.5612848814004925,0.6784720411654434,0.4925909606341252,low
0.3225871173053837,0.839301779113069,0.5290857644274756,low
0.6127032560097156,1.0919156703619584,0.40887301730575765,low
0.3795293791838765,1.4975935281876138,0.12863533788554093,low
1.721806082557254,2.735709507390031,0.017847332799782012,high
0.4400067289983287,0.772914992418742,0.7404287905827582,low
0.7688443959797784,1.501462003956369,0.6471550177695992,medium
1.3503630621686855,2.574117203823315,1.1596141319862714,high
0.17994774599904795,0.23495678397751585,0.1930859221557477,none
0.12937092704561381,1.165677371285303,0.8663681952010843,low
0.171474442057572,2.10485654481271,0.6137812101065472,medium
1.5331385246821578,1.930959323114494,0.8926930491502558,medium
2.428042652016571,2.889062539495537,2.202351058385387,high
0.5924123855867399,1.6988447826441584,1.22778866364572,medium
0.3386477645983279,0.9437984664563189,0.7827771089256916,low
0.28195818277094475,0.33704486664531186,0.3134249826397967,none
0.7560438833944693,2.232411089184694,2.0970390908671126,high
0.7195794717295302,0.7412656221259588,0.1546309524027628,low
0.0031014928622801197,0.04566608956769247,0.00961892202343173,none
0.23513528103796522,0.25982173217675486,0.23808539038670828,none
0.12472295545092937,1.431896789170711,1.4222663307683194,medium
0.930481511293901,1.1986382008655871,0.0645693111996346,low
0.11364323160865375,2.2356656405151454,1.6507071428034954,medium
0.08748106678329859,1.1193006327114965,1.1149215600686126,low
1.6599265029926795,2.0234073215540196,0.21236826957381105,medium
1.4949899840541232,2.319943913954533,2.225280766575582,high
0.06928735737549307,0.6186993427393622,0.3900536608137485,low
1.832150428330157,2.210468030691259,1.8098454070453078,high
0.9683346088591878,2.6332531754080195,0.22093803032149562,medium
0.7675054529346649,2.2249293090739033,2.0997626959092828,high
0.5241007713678408,0.5697371260450038,0.0871879470607444,low
0.14037660637667504,1.2536584284601124,1.0500274855154328,low
1.8757676657433118,2.0100570701529756,1.677464106338077,high
1.7797590920755266,2.036963116829819,1.8632658830096565,high
0.5409719785597122,1.7249072099831873,0.44892297543144255,medium
0.23423389903028002,0.4873768140268665,0.1671133306491911,none
0.0022465311343563554,0.3807199882434348,0.29153678381297077,none
1.2053494654849382,1.8790759754674151,0.21583536905332534,medium
0.45867926329612574,0.49008593961364244,0.28810921222088304,low
0.735327803094409,1.718115064501124,0.34945747618249556,medium
0.024780356289803462,0.11286410635134958,0.03871892319965897,none
0.8024111995768485,1.1003934456846942,0.9220221975157206,low
2.01632270834654,2.6874973265794058,2.605084526491381,high
2.066088846155279,2.744709562165931,1.8283193292398008,high
0.259702563957544,1.233498679919976,0.7368436542985292,low
0.07708712460333833,0.4727489383548321,0.21458489214039633,none
0.8619270440162015,1.7558794231441475,1.2100915178014753,medium
0.2041274178105288,0.6485580425468027,0.4190537331308156,low
0.21031851363356502,0.392565355437432,0.20403854893714923,none
0.3975755034000853,1.2433935958082187,0.4346709312206871,low
0.2871194793418036,1.8034102800289147,0.32820937741445544,medium
1.4005113492722463,2.1795442205861093,0.5640050929493594,medium
0.3329969614928554,0.38859186599015816,0.04750951637523393,none
0.15561889128488093,0.8073626805416481,0.7872570957101117,low
0.1702200645487224,0.2569167810722015,0.009243759542198138,none
1.5330411197224443,2.872482307979756,1.0378741643883396,high
1.0213509663045812,2.198125959487082,0.5534620929127072,medium
0.08512043751427223,0.22832807087966556,0.1425455939343946,none
1.157415519524474,2.334027454989384,2.241117140541818,high
1.3907263417872486,1.8990431632451203,0.452091751440998,medium
0.21309453074980045,2.2742710418312013,1.983826413410673,medium
0.5780373085041364,1.3047690097020883,0.27153904987652644,low
0.7063126245071658,1.2314908626168661,1.1947791527855296,medium
0.0011568904583904027,0.0013129948692611748,0.0001479553469148076,none
0.0686373867863852,0.12433077527864911,0.07248808354326464,none
0.9620548153075763,1.3467077682530189,0.1179134041576112,low
1.7435935043842656,2.1364603491244334,0.24840683954899478,medium
1.0912600122724143,2.1381045672130456,1.0069017857113267,medium
0.21152382229432387,0.2855885469223459,0.08695523453066434,none
0.12949834648579583,0.39548445520375886,0.019787922414000514,none
2.1681590540684423,2.3651614715591425,1.0656758000915905,high
0.4808585291078127,2.4395366014832933,1.9735045728264633,high
0.22745608010402918,0.2316568183797033,0.032341107752652976,none
0.3818124433120237,0.4181619941766481,0.2863660509162562,none
0.6708304888028441,2.303241063889738,1.7786112712166458,high
0.18025709973811688,1.8952677595037204,0.317438063015679,medium
0.1247836279024509,0.9229230696853057,0.7784260797891738,low
0.0404391057438247,0.3254021055947873,0.19399682130934592,none
0.5599992028969021,0.7762706519150765,0.32569203275082637,low
0.055592703568327684,0.10643439033739743,0.0751979585659529,none
0.2944891184893773,0.3476388880475272,0.3329602317905914,none
0.6197318155224513,0.9256211956611202,0.8258947476801206,low
0.05391654186830419,0.18791242918764273,0.1331513981997423,none
1.9101828428163268,2.5450869307405037,2.0530557248938845,high
0.6953278132564793,0.8508261475231352,0.21552099382433287,low
0.013072075103280567,0.3036997525436008,0.08525162910153161,none
0.4868590025621031,2.840367481454179,0.9615767048363406,high
1.0557960794263366,1.746399988353848,0.3081016672512804,medium
0.1486735608650166,0.21474678494521793,0.08766289644516345,none
0.06266036709181211,2.0456827450210042,1.2769449123266376,medium
0.4426653955862264,0.5904857651184291,0.13159168181871705,low
1.2150221172765323,2.366448497523161,2.2010519236394535,high
0.25328550673242267,0.36531274632567734,0.3301612011971884,none
0.14706627496125946,0.7963300204070645,0.10773523211799985,low
1.6587456237716045,2.746817963385741,0.5071040226429439,high
0.09909128605359463,0.13372930772223868,0.10662185725552609,none
1.5857730208932292,2.0183318436790247,0.26547806423070974,medium
0.36585244000383066,2.246311498469778,0.08697776200755358,medium
0.2868316169500654,0.34730340433561746,0.34055128098464915,none
1.2522888525909592,1.7639586110714278,0.5876418519338208,medium
0.040581189164186515,0.14657410073849675,0.11657347179034483,none
0.6450252250149104,2.16036509159841,1.510568655457091,medium
0.0449547252186111,0.4841142209386623,0.4636522928806832,none
0.6198785938153142,2.0167797131272556,0.41661546203209976,medium
1.1800105393037668,1.724296105733369,0.6666384448331262,medium
0.39464344978424004,2.864793890343727,2.7119145237255835,high
2.1432820637288903,2.9422377301331286,0.17044691957034186,high
0.13677465062939897,0.4950845646927168,0.48757288985781877,low
2.780087352766872,2.9184464827236622,1.1479434274437612,high
0.36839956800527474,0.853255950178344,0.6334707725097661,low
0.32878660880726707,0.3932425163529003,0.36282817308520743,none
0.025747309055297762,0.07524834026708493,0.026823035641644566,none
0.28735936831866615,2.469633833951364,0.9167160937487486,medium
0.8996909239359838,2.6683926923495447,1.6560679889476284,high
0.32683902134533094,0.509950867333205,0.06778633967075043,none
2.018613271158748,2.3799066428811044,0.711487469111961,high
1.0248126848715784,1.6305756853665367,1.4153786563173942,medium
2.542919003807262,2.635277853468862,2.0829916781660494,high
0.19544236193779174,1.970763208024653,1.8042605174433284,medium
1.6516156446792438,2.0536110785129424,0.7478246867395721,medium
0.7812494484549742,1.330587408187247,0.20150124392570723,low
1.8090623699915234,2.7120390034130635,2.2206688855196046,high
0.07829742250618066,2.480965331583956,1.8787518372443608,high
1.8383015477446698,2.719725196008582,1.8910287410760684,high
0.7825528111101714,2.12551954679962,0.5507587606157055,medium
1.165222793288419,1.3881503465496459,0.4599206108805942,medium
1.6944749232820469,2.7175795416622957,1.120060001433917,high
0.196606093225694,1.330741979922046,0.9555513172162607,low
0.6923962638621889,1.1398670774874011,0.68818171852118,low
0.5470890289350065,0.9406955289923925,0.6325411764399687,low
0.056730374879290224,0.4978328649671968,0.16480368437486004,none
0.008477279276466798,0.1802471811126749,0.0079225351458162,none
1.2290041941456162,2.754820989090545,0.026692882526991757,medium
0.060427326555220984,0.06510221160913932,0.031258265548373965,none
1.3521243897685302,1.6646800320296098,1.4588418832317793,medium
0.2315573510434621,0.5364690828178231,0.14999069067014315,none
1.6902456427004648,1.7786109073659606,1.311180003416272,medium
1.5131652116226924,2.2587857777144498,0.15766740398308832,medium
0.233017859271882,1.5978698905364617,0.42620169690398535,low
0.2293554047890347,1.9373506076920248,0.3722379389879762,medium
0.5481453242208161,1.4011204257778296,0.9260944473822607,medium
0.34546158939049887,1.0504061080088956,0.5596757363171557,low
0.24948782227792576,0.5786557605707833,0.20335358769299627,low
0.47054243149243014,0.5853540130472353,0.3570684240038299,low
2.2249815159226345,2.886857751591605,0.43244806422128335,high
0.44613116537240627,1.5312416469074546,1.101843274087705,medium
0.029994304795010085,0.7826107116287917,0.23859629246594127,low
0.11167904015240182,2.4455749743368562,1.9998206955444817,high
0.7546359358602477,1.1331548349053016,0.7203379329956182,low
0.32104574173280176,0.5078935232035039,0.0275899031637995,none
0.4563377193301906,2.192401580024957,0.17917763153734645,medium
0.4399019072080853,0.5468012197843116,0.2680285872750866,low
1.209723492777952,2.060781824087924,0.07318960922554274,medium
0.008292656673553167,0.11959487528677204,0.08801042948570637,none
0.7603241991309623,2.7911731334587397,2.5376731440998603,high
0.7826237375596836,2.0527071949966516,1.7824914404038168,medium
0.4206957647640597,2.3710318489621116,1.008362105222894,medium
0.28449121290361346,0.5995615235231253,0.2406267222887163,low
0.6800664631219947,1.2635301698642083,0.44476563304235495,low
1.2462956407462742,1.4843946985803904,0.4729231545751781,medium
0.5520519111675174,0.9118375740108392,0.08311389217693699,low
0.5203635692717629,2.6513494607344126,0.015934497451188245,medium
0.6300270172616538,1.723649665035074,0.35937639110104125,medium
0.18394933415246628,1.0423850183728112,0.7762244367994671,low
2.383361224628395,2.997825420329906,1.7396423994908847,high
0.8993119400173843,2.3457116277513803,0.4862249367261854,medium
0.10579480472631142,1.3091532652125242,0.6127148655775031,low
0.08276321691910404,0.41560776651742837,0.12064546046532221,none
0.6463734790902974,1.305823981850999,0.031499078830899196,low
1.1207041130703488,1.669365015565622,0.6672704317016853,medium
0.008899632113470113,0.9215257054514125,0.8661736597645627,low
0.8589640626442521,1.809776727756048,0.4533735350730961,medium
0.21682595843225183,0.3075534652806242,0.07486567014503398,none
0.3595268690815774,2.5929602475854416,1.1275684389372094,medium
0.021973893515478737,0.06944767438848298,0.008354280863267616,none
0.887305001171282,1.3566997093340603,1.189371311013626,medium
2.7533302214068067,2.903009230398993,2.3733099495316456,high
0.22128937066895593,0.3693168200170508,0.06586212829585103,none
0.5722066703695683,1.1680610013473305,1.0303548988275764,low
0.31293710219950754,1.016062467890905,0.195572127979304,low
2.02725956410252,2.562898131208998,1.818704444338179,high
0.26245587434092477,0.30260279167092075,0.05436955695216106,none
0.1742746049487489,1.2552406521583046,0.9209450331815173,low
0.13292138265080833,2.030215579238819,1.271560804954446,medium
0.342326463819593,0.4396920933219379,0.17082951829046078,none
0.0019144679038717305,2.430139267064152,1.6739855972592455,medium
0.17332872812725697,1.647484633140892,0.8108029587356828,medium
0.07300718267957074,1.2036492140909267,1.0823212526119477,low
0.16698796881361844,0.5625278885420387,0.442389414077512,low
0.8717173682317584,0.9289267208818032,0.8169730919264546,low
2.209439561419591,2.6616531619924113,2.4062907521446757,high
1.347502623778821,2.2261257395599325,1.0636640221810851,high
0.4726011193874843,2.0517222620078672,1.9118747236793712,medium
1.3887092935180487,1.6433358584811286,0.19564933650734428,medium
2.4293025647496655,2.65034698848255,1.9127153162756825,high
0.27945152528236394,1.9988557194919467,0.9113285808150462,medium
0.0190859126685895,1.2903884404268777,1.2270783162813492,low
0.04745721973702899,0.3891156159861643,0.3096648129929265,none
0.41203406103452345,1.0341810241618765,1.0274117495661408,low
0.011390534525934859,0.9704777619189611,0.530562500978341,low
1.4527660053993807,1.8153006231472477,1.2198432510297559,medium
0.01626932815941884,0.051065584191418045,0.016104823776238675,none
0.6331011109338238,0.6555199469164713,0.1661452215257414,low
0.60358420595824,2.053862633235638,1.8055990679867202,medium
0.04058684314172134,0.14463574092691378,0.058824688858757246,none
0.7326841503357002,1.1743649604967643,0.11501473105507376,low
0.10438483382980113,0.40229170053134766,0.1705740591662821,none
0.29752055222287976,1.4952311903310431,0.35137283974359934,low
1.5190449668161365,1.65974165488482,1.0884768933694247,medium
1.0847953993489172,1.099560694014019,0.356356111053453,low
2.1176500351353105,2.611298491908879,0.7512149183661676,high
0.3781023834411634,1.9192725797158172,0.05735217975171547,medium
0.32438448113188534,0.5528794721797761,0.431281036400166,low
0.2189054918497635,0.21905196990531706,0.08671392661676824,none
1.474819837546661,1.8874829092340855,0.10333358350117294,medium
1.749153125340818,2.3413299132183187,0.7270228857488622,high
1.7473310841694585,1.9009629610823748,0.2854378534648918,medium
0.5834304867521065,0.7315334797850573,0.02496730857153595,low
0.8145185533953513,1.1596831852470255,0.5387488367173517,low
1.2803913588211084,2.784025463772841,2.2555847522269032,high
0.013773224815591512,0.38892087025916366,0.23211213284430932,none
0.8997555620274621,1.3585240230640152,0.31830030603215587,low
0.1443661540214466,1.0139727587477163,0.8317634271449023,low
0.17175943069943111,0.4609503136265862,0.40896542805448755,none
0.5174865812908968,1.6940526160987446,0.9939138500241047,medium
0.08611418797127202,1.145276479867959,0.32037075866801656,low
0.03140267268069763,0.17937158692585942,0.11511199908392145,none
0.852701188767648,0.9655328128875563,0.4383559512581553,low
1.2281023018407455,1.3028496284876305,0.07924574124582928,low
0.023276576356666467,0.21288111812168764,0.1878677823954531,none
0.24146323875049858,1.5914801540938726,0.613299193235705,medium
0.07489352644378233,0.2822428050839769,0.11129802866962879,none
0.26616487486631535,0.9617138570486592,0.8544099199077784,low
0.9254110645445136,2.3891292810419538,0.3822121881324888,medium
0.10628285497628187,0.2354206370929316,0.04333833673234522,none
0.9607487747283726,2.6192054594142413,0.689313289810243,high
1.795143863271388,2.4850323047383602,0.5521229976261456,high
1.4649172202571212,1.8301571741047478,0.5417159026166268,medium
0.17654274984888108,1.107528924804567,0.39218598491211687,low
0.660561556510588,1.74716786901736,0.2502895549572717,medium
1.140518883075817,1.9993605186086834,1.771579527471324,high
0.9587181705513342,2.590331443788622,2.055052898939576,high
1.5464910884438776,2.3294826008935985,1.919650034306192,high
0.12167897405071626,1.822289727830349,0.3116001366825746,medium
0.23638737497428974,1.8724748411710719,0.2704538997553715,medium
2.6207826464620982,2.7252154054931186,2.4509914058976836,high
0.16280476646079645,0.8164692513219782,0.25628984586020676,low
0.4756329605830478,2.033598069294699,1.3466594126741502,medium
0.018402235353929597,0.256833721056243,0.05078272055341282,none
1.855102416337178,2.1952602487397215,0.3317368161654364,medium
0.04399014526519096,0.17234577544915253,0.07094015994795033,none
0.006785790447081608,0.008521495096361575,0.005171168715290109,none
1.3734999061063573,2.4639181334481783,1.2370491694843564,high
0.9916913956366625,1.1279737356188408,0.7543740824636068,medium
0.11070224587272492,0.22749119115386174,0.06499749436415903,none
0.06363854543767733,0.09573978156910501,0.0012561072732339973,none
0.002720381184305287,0.03233182810719859,0.009332795259608284,none
2.4288123044757475,2.6579455555450817,0.4217174733353588,high
